--
-- PostgreSQL database dump
--

-- Dumped from database version 11.2
-- Dumped by pg_dump version 11.2

SET statement_timeout = 0;
SET lock_timeout = 0;
SET idle_in_transaction_session_timeout = 0;
SET client_encoding = 'UTF8';
SET standard_conforming_strings = on;
SELECT pg_catalog.set_config('search_path', '', false);
SET check_function_bodies = false;
SET client_min_messages = warning;
SET row_security = off;

SET default_tablespace = '';

SET default_with_oids = false;

--
-- Name: collection_availability; Type: TABLE; Schema: public; Owner: game
--

CREATE TABLE public.collection_availability (
    id bigint NOT NULL,
    collection_id bigint,
    game_id bigint
);


ALTER TABLE public.collection_availability OWNER TO game;

--
-- Name: collection_availability_id_seq; Type: SEQUENCE; Schema: public; Owner: game
--

ALTER TABLE public.collection_availability ALTER COLUMN id ADD GENERATED BY DEFAULT AS IDENTITY (
    SEQUENCE NAME public.collection_availability_id_seq
    START WITH 1
    INCREMENT BY 1
    NO MINVALUE
    NO MAXVALUE
    CACHE 1
);


--
-- Name: collections; Type: TABLE; Schema: public; Owner: game
--

CREATE TABLE public.collections (
    created_at timestamp without time zone,
    updated_at timestamp without time zone,
    id bigint NOT NULL,
    name text NOT NULL
);


ALTER TABLE public.collections OWNER TO game;

--
-- Name: collections_id_seq; Type: SEQUENCE; Schema: public; Owner: game
--

ALTER TABLE public.collections ALTER COLUMN id ADD GENERATED BY DEFAULT AS IDENTITY (
    SEQUENCE NAME public.collections_id_seq
    START WITH 1
    INCREMENT BY 1
    NO MINVALUE
    NO MAXVALUE
    CACHE 1
);


--
-- Name: completion; Type: TABLE; Schema: public; Owner: game
--

CREATE TABLE public.completion (
    created_at timestamp without time zone,
    updated_at timestamp without time zone,
    id bigint NOT NULL,
    pc bigint,
    game_id bigint,
    town_id bigint
);


ALTER TABLE public.completion OWNER TO game;

--
-- Name: completion_id_seq; Type: SEQUENCE; Schema: public; Owner: game
--

ALTER TABLE public.completion ALTER COLUMN id ADD GENERATED BY DEFAULT AS IDENTITY (
    SEQUENCE NAME public.completion_id_seq
    START WITH 1
    INCREMENT BY 1
    NO MINVALUE
    NO MAXVALUE
    CACHE 1
);


--
-- Name: documents; Type: TABLE; Schema: public; Owner: game
--

CREATE TABLE public.documents (
    created_at timestamp without time zone,
    updated_at timestamp without time zone,
    id bigint NOT NULL,
    title text NOT NULL,
    author text,
    subject text,
    doc_hash text,
    collection_id bigint
);


ALTER TABLE public.documents OWNER TO game;

--
-- Name: documents_id_seq; Type: SEQUENCE; Schema: public; Owner: game
--

ALTER TABLE public.documents ALTER COLUMN id ADD GENERATED BY DEFAULT AS IDENTITY (
    SEQUENCE NAME public.documents_id_seq
    START WITH 1
    INCREMENT BY 1
    NO MINVALUE
    NO MAXVALUE
    CACHE 1
);


--
-- Name: experiments; Type: TABLE; Schema: public; Owner: game
--

CREATE TABLE public.experiments (
    created_at timestamp without time zone,
    updated_at timestamp without time zone,
    id bigint NOT NULL,
    collection_id bigint
);


ALTER TABLE public.experiments OWNER TO game;

--
-- Name: experiments_id_seq; Type: SEQUENCE; Schema: public; Owner: game
--

ALTER TABLE public.experiments ALTER COLUMN id ADD GENERATED BY DEFAULT AS IDENTITY (
    SEQUENCE NAME public.experiments_id_seq
    START WITH 1
    INCREMENT BY 1
    NO MINVALUE
    NO MAXVALUE
    CACHE 1
);


--
-- Name: games; Type: TABLE; Schema: public; Owner: game
--

CREATE TABLE public.games (
    created_at timestamp without time zone,
    updated_at timestamp without time zone,
    id bigint NOT NULL,
    name text NOT NULL
);


ALTER TABLE public.games OWNER TO game;

--
-- Name: games_id_seq; Type: SEQUENCE; Schema: public; Owner: game
--

ALTER TABLE public.games ALTER COLUMN id ADD GENERATED BY DEFAULT AS IDENTITY (
    SEQUENCE NAME public.games_id_seq
    START WITH 1
    INCREMENT BY 1
    NO MINVALUE
    NO MAXVALUE
    CACHE 1
);


--
-- Name: town_names; Type: TABLE; Schema: public; Owner: game
--

CREATE TABLE public.town_names (
    created_at timestamp without time zone,
    updated_at timestamp without time zone,
    id bigint NOT NULL,
    name text,
    region text,
    document_id bigint
);


ALTER TABLE public.town_names OWNER TO game;

--
-- Name: town_names_id_seq; Type: SEQUENCE; Schema: public; Owner: game
--

ALTER TABLE public.town_names ALTER COLUMN id ADD GENERATED BY DEFAULT AS IDENTITY (
    SEQUENCE NAME public.town_names_id_seq
    START WITH 1
    INCREMENT BY 1
    NO MINVALUE
    NO MAXVALUE
    CACHE 1
);


--
-- Name: towns; Type: TABLE; Schema: public; Owner: game
--

CREATE TABLE public.towns (
    created_at timestamp without time zone,
    updated_at timestamp without time zone,
    id bigint NOT NULL,
    level bigint,
    document_id bigint,
    user_id bigint
);


ALTER TABLE public.towns OWNER TO game;

--
-- Name: towns_id_seq; Type: SEQUENCE; Schema: public; Owner: game
--

ALTER TABLE public.towns ALTER COLUMN id ADD GENERATED BY DEFAULT AS IDENTITY (
    SEQUENCE NAME public.towns_id_seq
    START WITH 1
    INCREMENT BY 1
    NO MINVALUE
    NO MAXVALUE
    CACHE 1
);


--
-- Name: users; Type: TABLE; Schema: public; Owner: game
--

CREATE TABLE public.users (
    created_at timestamp without time zone,
    updated_at timestamp without time zone,
    id bigint NOT NULL,
    name text NOT NULL,
    level bigint,
    online boolean NOT NULL
);


ALTER TABLE public.users OWNER TO game;

--
-- Name: users_id_seq; Type: SEQUENCE; Schema: public; Owner: game
--

ALTER TABLE public.users ALTER COLUMN id ADD GENERATED BY DEFAULT AS IDENTITY (
    SEQUENCE NAME public.users_id_seq
    START WITH 1
    INCREMENT BY 1
    NO MINVALUE
    NO MAXVALUE
    CACHE 1
);


--
-- Data for Name: collection_availability; Type: TABLE DATA; Schema: public; Owner: game
--

COPY public.collection_availability (id, collection_id, game_id) FROM stdin;
\.


--
-- Data for Name: collections; Type: TABLE DATA; Schema: public; Owner: game
--

COPY public.collections (created_at, updated_at, id, name) FROM stdin;
2021-09-17 15:51:02.613272	2021-09-17 15:51:02.613283	1	DALI-Corpora - Batch 1
2021-09-17 15:51:02.71864	2021-09-17 15:51:02.71865	2	DALI-Corpora - Batch 2
2021-09-17 15:51:02.794321	2021-09-17 15:51:02.794331	3	Phrase Detectives
\.


--
-- Data for Name: completion; Type: TABLE DATA; Schema: public; Owner: game
--

COPY public.completion (created_at, updated_at, id, pc, game_id, town_id) FROM stdin;
2021-09-17 16:20:31.744351	2021-09-17 16:20:31.744366	1	0	1	1
2021-09-17 16:20:31.780309	2021-09-17 16:20:31.780325	2	0	3	1
2021-09-17 16:20:31.781743	2021-09-17 16:20:31.781757	3	0	2	1
2021-09-17 16:24:07.621912	2021-09-17 16:24:07.621925	4	0	1	2
2021-09-17 16:24:07.62741	2021-09-17 16:24:07.627422	5	0	3	2
2021-09-17 16:24:07.628423	2021-09-17 16:24:07.628435	6	0	2	2
2021-09-17 16:31:48.201508	2021-09-17 16:31:48.201519	7	0	1	3
2021-09-17 16:31:48.206749	2021-09-17 16:31:48.206761	8	0	3	3
2021-09-17 16:31:48.207799	2021-09-17 16:31:48.20781	9	0	2	3
2021-09-17 16:32:12.931285	2021-09-17 16:32:12.931312	10	0	1	4
2021-09-17 16:32:12.936878	2021-09-17 16:32:12.936891	11	0	3	4
2021-09-17 16:32:12.938017	2021-09-17 16:32:12.938028	12	0	2	4
2021-09-17 16:32:37.77191	2021-09-17 16:32:37.771922	13	0	1	5
2021-09-17 16:32:37.776598	2021-09-17 16:32:37.776612	14	0	3	5
2021-09-17 16:32:37.778108	2021-09-17 16:32:37.778133	15	0	2	5
2021-10-18 16:25:09.004932	2021-10-18 16:25:09.004942	16	0	1	6
2021-10-18 16:25:09.007289	2021-10-18 16:25:09.007451	17	0	3	6
2021-10-18 16:25:09.009715	2021-10-18 16:25:09.009727	18	0	2	6
\.


--
-- Data for Name: documents; Type: TABLE DATA; Schema: public; Owner: game
--

COPY public.documents (created_at, updated_at, id, title, author, subject, doc_hash, collection_id) FROM stdin;
2021-09-17 15:51:02.618819	2021-09-17 15:51:02.61883	1	Andersen Fairy Tales - The Leap-Frog	Hans Christian Andersen	.	9aed390356c91b64c33719b08278dd4520b371c62915609884cbc9fd9eeebaec	1
2021-09-17 15:51:02.621296	2021-09-17 15:51:02.621304	2	Andersen's Fairy Tales - The Emperor's New Clothes	Hans Christian Andersen	.	af22b36179df34ca474c943121d36f21d1fe8b482159de821d7b1d9529ce24f5	1
2021-09-17 15:51:02.623218	2021-09-17 15:51:02.623227	3	Andersen's Fairy Tales - The False Collar	Hans Christian Andersen	.	323c850ba5c2ab198ddb6c8d1e699b767963c3338c3051b69481135ef346e9cc	1
2021-09-17 15:51:02.625102	2021-09-17 15:51:02.625111	4	Andersen's Fairy Tales - The Fir Tree	Hans Christian Andersen	.	20dbd36a697b0e3aec29189d61e314882e4510ae2281b49fd6c66d8f3807883a	1
2021-09-17 15:51:02.627282	2021-09-17 15:51:02.627291	5	Andersen's Fairy Tales - The Little Match Girl	Hans Christian Andersen	.	c625e7465fe275270e7cd4919bc5c6c93a0deb27101378ffccc7bdca6749c0a6	1
2021-09-17 15:51:02.629175	2021-09-17 15:51:02.629184	6	Andersen's Fairy Tales - The Naughty Boy	Hans Christian Andersen	.	a53a28708825b6703ec1b346ff90c158bfc37d684abaaeb86bcd3f8289caf879	1
2021-09-17 15:51:02.631057	2021-09-17 15:51:02.631066	7	Andersen's Fairy Tales - The Old House	Hans Christian Andersen	.	a45ed801ef1a96fc63bbf4a97edb0c7e8739f0ae410480447b10c8037f24601a	1
2021-09-17 15:51:02.632953	2021-09-17 15:51:02.632961	8	Andersen's Fairy Tales - The Real Princess	Hans Christian Andersen	.	e217dc7c931df4c76a17103fa549526bb38ae7ef41b4abded4de7cd4e78883f7	1
2021-09-17 15:51:02.634828	2021-09-17 15:51:02.634836	9	Andersen's Fairy Tales - The Red Shoes	Hans Christian Andersen	.	48e56398785a15bbb2ae76ba75b71bf55b029a458c1543131e721def651f2dcd	1
2021-09-17 15:51:02.636725	2021-09-17 15:51:02.636745	10	Andersen's Fairy Tales - The Swineherd	Hans Christian Andersen	.	4020e46de641a6c88af2e87bef70fb82139356eeba45b16984521ebc09db6ad7	1
2021-09-17 15:51:02.638594	2021-09-17 15:51:02.638602	11	The Jungle Book - Kaa’s Hunting	Rudyard Kipling	.	af35c6da2c4d88e4bb84ad7f0235019325edfdfdd17026e3bc077446808e9166	1
2021-09-17 15:51:02.640512	2021-09-17 15:51:02.640521	12	The Jungle Book - Mowgli’s Brothers	Rudyard Kipling	.	53df680620683f80dfa97f4c7bd082614545cb543b43351d35e381322b1bd6e2	1
2021-09-17 15:51:02.642418	2021-09-17 15:51:02.642426	13	The Jungle Book - Rikki-Tikki-Tavi	Rudyard Kipling	.	cb9305fd0450a2f4f9ed02b621484ca2453a4a7ef7b2da11098bbb0a01357be5	1
2021-09-17 15:51:02.644347	2021-09-17 15:51:02.644355	14	The Jungle Book - “Tiger! Tiger!”	Rudyard Kipling	.	08d599fab80c8970a5a231a00d1623f4f5bc6d440bcea4a3788da654c9f1b1f6	1
2021-09-17 15:51:02.646489	2021-09-17 15:51:02.646499	15	Anglo-Saxons	Wikipedia	.	a68ccae3a2eed827eb9bac4d12baacd991793316e04f3f345e0593b2a2684be9	1
2021-09-17 15:51:02.648714	2021-09-17 15:51:02.648725	16	Bernard Cornwell	Wikipedia	.	c897948a21dbd3687185d3b5c316d27b3d3920cfa1f4b22e9c8b7f0fa670c0b6	1
2021-09-17 15:51:02.650871	2021-09-17 15:51:02.650882	17	Quiet, please!	unknown	.	c74ae290e1f184780a18a0862f5f0ae2c8ec71abb77f6b398d0fe34ba1f746f4	1
2021-09-17 15:51:02.653511	2021-09-17 15:51:02.653522	18	Anzac Day	unknown	.	bbf5f6e62698aadc7da5f0b8ca7b86f4b836ab0b7982d8914fcbddfa86939b25	1
2021-09-17 15:51:02.655863	2021-09-17 15:51:02.655881	19	Back to School	unknown	.	84791c1f1dc83a269ed2c2cb1fce1a5ef6e1f8f506f7eaa8b8d9db34a3af5c09	1
2021-09-17 15:51:02.658837	2021-09-17 15:51:02.658848	20	Broken Window	unknown	.	2eb04f4457fb9fbbd75826369823fa08efaf006b6ad9839c6a0ab55941af42a2	1
2021-09-17 15:51:02.660928	2021-09-17 15:51:02.660937	21	Can you climb ladders?	unknown	.	a0c1f6c2feeb92b594a525c444725db8c24c171f0ee57e25d70e9a92fda7c3ac	1
2021-09-17 15:51:02.662938	2021-09-17 15:51:02.662947	22	Conclusion to a Report entitled: “Choose any two factors of the	unknown	.	12a494422beda3f190adef227a601c3967df563d9a316a1c075da2d94115e875	1
2021-09-17 15:51:02.665124	2021-09-17 15:51:02.665134	23	Conclusion to a Report entitled: “Discuss the advantages and disadvantages of the international expansion the banking industry encounters.”	unknown	.	8dd80f142cb8c187891dbd124c729bbc6b960dd77c1143e859ade1ebcb7f57c9	1
2021-09-17 15:51:02.668392	2021-09-17 15:51:02.668402	24	Conclusion to a Report entitled: “Discuss the rewards and drawbacks of	unknown	.	5527dd08c700b901d9501c1d5bd38b20db0c031b57cc87f837f037e76de492ac	1
2021-09-17 15:51:02.670443	2021-09-17 15:51:02.670452	25	Conclusion to a Report entitled: “Discuss what dismantling the	unknown	.	9f5d338efb692cf1ce691a93f520b570ee375267fceb952920e3aabdd39e45ce	1
2021-09-17 15:51:02.672507	2021-09-17 15:51:02.672516	26	Conclusion to a report entitled: “Discuss any two of the six main	unknown	.	de86d1c3336cb62226e7215ed23bdde567aefed872e94e84ae07b49da4f51fa6	1
2021-09-17 15:51:02.674507	2021-09-17 15:51:02.674516	27	Discuss any two of the six main trading activities security firms are	unknown	.	35aac4cc5abf7af1902ed188ecb44a160a6bce8d22d1ff0a6949b6e398643a00	1
2021-09-17 15:51:02.676726	2021-09-17 15:51:02.676763	28	Discuss the advantages and disadvantages of ETFs (Exchange Traded	unknown	.	e2c91af1e4589b9c3371526c663b0a25483de2d65669e77edd2a15b9529bc5ec	1
2021-09-17 15:51:02.679052	2021-09-17 15:51:02.679061	29	Discuss the advantages and disadvantages of the international	unknown	.	4755143e53b4b267f0dedb1ff84c776f5d430d1f2179a85ef2c132ac6ff569a7	1
2021-09-17 15:51:02.681013	2021-09-17 15:51:02.681021	30	From the second paragraph of a Report entitled: “Discuss	unknown	.	e59ac75da2b236222497498bcfb43541b2f58509f70620f9a4db6af6de4d6792	1
2021-09-17 15:51:02.683158	2021-09-17 15:51:02.683168	31	Hamilton's bridges	unknown	.	c5a8230006e4c2a9f3c1c0311ada924db73378facd9d48d70c898993bf40b3e2	1
2021-09-17 15:51:02.68529	2021-09-17 15:51:02.685311	32	Introduction to a Report entitled: “Discuss the merits and drawbacks	unknown	.	b3de094cbfce7a50afc83d7ae75ce43f03b7f9217b2498b0ce809b5d1d597e37	1
2021-09-17 15:51:02.688463	2021-09-17 15:51:02.688477	33	Investment Case: Barratt Developments PLC	unknown	.	f7db1f1c31c47967ed68383d924b6bae16f030952b2e14396f057469a9360fbe	1
2021-09-17 15:51:02.691087	2021-09-17 15:51:02.691097	34	Learn to drive	unknown	.	a2ed45f228c625b2efdc42bd1b9e8048f00b28a48e3af7e1962f02725825e8b3	1
2021-09-17 15:51:02.693324	2021-09-17 15:51:02.693334	35	Leveraged Buyouts; discuss the advantages and disadvantages to a	unknown	.	0edbc5ac4fc9cf5209296dfc6750013745a31358e7b1c6d3d93e12840eedd4f9	1
2021-09-17 15:51:02.695694	2021-09-17 15:51:02.695705	36	Mandarins for marmalade	unknown	.	fd68adee27a958a8c5fa0650df02d10b6982fa38c6971ae3ab49abd784594ef2	1
2021-09-17 15:51:02.697784	2021-09-17 15:51:02.697794	37	Never too old	unknown	.	3850eb33eb1d4bf92156b027af0a38e241413d219f967aabd3cde7913acff9e1	1
2021-09-17 15:51:02.699871	2021-09-17 15:51:02.699879	38	No food	unknown	.	34b0f662f95e4b85148ddb2e05250c95dba2b2ce69af26f1ea33c73d6b48bbb2	1
2021-09-17 15:51:02.701836	2021-09-17 15:51:02.701845	39	The Ethnic Football Festival	unknown	.	0d0bef171cb5db22f1183079f629e0c6cc0edd1a3943e93409c1440b4311a125	1
2021-09-17 15:51:02.703859	2021-09-17 15:51:02.703868	40	The Op Shop	unknown	.	094adb4fc5451055beea002d7ba9671f67fab465ad71eb948073c463cd89dee8	1
2021-09-17 15:51:02.705757	2021-09-17 15:51:02.705765	41	The Waikato River	unknown	.	39621921409b26e2032d0195347c15f4a2df40518aaafbb2726c80f59740fd8b	1
2021-09-17 15:51:02.707677	2021-09-17 15:51:02.707685	42	The library	unknown	.	c5ab0a27d6e8dc85d995ca6752fd800a218f01d15a75b45e978e47f06e68c1c6	1
2021-09-17 15:51:02.70967	2021-09-17 15:51:02.70968	43	The new house	unknown	.	4df8196bd59c1ed480a0f3020e74626827ed069388108597eda8d33479c0ff9b	1
2021-09-17 15:51:02.712037	2021-09-17 15:51:02.712047	44	The shepherd and the tiger	unknown	.	4da74f72711081847b930cd4322f70ad954b62e2a861756030018bfc74bc1642	1
2021-09-17 15:51:02.714234	2021-09-17 15:51:02.714245	45	Tomatoes for free	unknown	.	b9dd9e06373b90a507abf4b91e06e906bcdd6277dbfd985b10c3616c6c6fe7bd	1
2021-09-17 15:51:02.716998	2021-09-17 15:51:02.717012	46	Tomatoes	unknown	.	de6d52c3c0e20373012702886b2f34b0f6338c9712b21afb1f068b0b661f06eb	1
2021-09-17 15:51:02.719961	2021-09-17 15:51:02.71997	47	Poe - Works of Edgar Allan Poe, v.2 - ELEONORA	Edgar Allan Poe	.	344f2737343b650ca468f5e0500e47512d5426d18d26af3051c985cd3909602f	2
2021-09-17 15:51:02.72268	2021-09-17 15:51:02.722691	48	Jerome - Three Men in a Boat - Chapter 1	Jerome K Jerome	.	72c3f529be942d9bea02eeb736359fbddf8dcf96f1dc51e1cebe697960e193a1	2
2021-09-17 15:51:02.72516	2021-09-17 15:51:02.725181	49	Jerome - Three Men in a Boat - Chapter 2.	Jerome K Jerome	.	3c58981349b2cf7698f6d4c124689d5c10fce1cc0c66bf0d997543661d5e8838	2
2021-09-17 15:51:02.727361	2021-09-17 15:51:02.727371	50	Jerome - Three Men in a Boat - Chapter 3.	Jerome K Jerome	.	e9272184ff92cd0afb2dcfe192aacd0c94dfe8c8bb17a7b9a2a6567d023f5c13	2
2021-09-17 15:51:02.729555	2021-09-17 15:51:02.729566	51	Jerome - Three Men in a Boat - Chapter 4	Jerome K Jerome	.	ae67a6911366d9560f7dd00b1823001ae79118a2af7f26e430d988d020979256	2
2021-09-17 15:51:02.731828	2021-09-17 15:51:02.731838	52	Twain - Sketches Old and New - Disgraceful persecution of a boy	Mark Twain	.	389132fb437f66a247ca316d777197b5c9bdaa22b7201ccdb713af03d71827f1	2
2021-09-17 15:51:02.733926	2021-09-17 15:51:02.733934	53	Twain - Sketches Old and New - Experience Of The McWilliamses with membranous croup	Mark Twain	.	4adfb27ee21343817aa0ecefd94d129e182d90e8e15c82b810064272c804dd94	2
2021-09-17 15:51:02.735847	2021-09-17 15:51:02.735855	54	Twain - Sketches Old and New - How the author was sold in Newark	Mark Twain	.	72a1cb7c8586b696a484b4dc94c9436fc70ca2c593571cca82c510de26662da1	2
2021-09-17 15:51:02.737802	2021-09-17 15:51:02.737811	55	Twain - Sketches Old and New - Information Wanted	Mark Twain	.	6e844745abb069edcee8ba8f892df4189dd6f1ffc42f72f7f172139184ef80bf	2
2021-09-17 15:51:02.739714	2021-09-17 15:51:02.739723	56	Twain - Sketches Old and New - Johnny Greer	Mark Twain	.	98e89c8b37a299381d7f0a748b68b279b5fa6b99f970e5cfc4b973715b5a4e1d	2
2021-09-17 15:51:02.742217	2021-09-17 15:51:02.742227	57	Twain - Sketches Old and New - My Watch	Mark Twain	.	a17cca0e9abb3e1c188daacc5c5e2e1839a9195b3618a211b7d7636e3c361d95	2
2021-09-17 15:51:02.744664	2021-09-17 15:51:02.744673	58	Twain - Sketches Old and New - My first literary venture	Mark Twain	.	b1e46a8370a8699733ffef115b81d27b882ddd2b198093ee3306ab9a1808d534	2
2021-09-17 15:51:02.746841	2021-09-17 15:51:02.746851	59	Twain - Sketches Old and New - Niagara	Mark Twain	.	1565096f8bf47603c1d37cd9b7e4f1ff6ffa72be1597ea2e417c1c2761568247	2
2021-09-17 15:51:02.749748	2021-09-17 15:51:02.749763	60	Twain - Sketches Old and New - The Notorious Jumping Frog Of Calaveras County	Mark Twain	.	cdf1031b3e800ef436cfe24363b89789964351946dbb609df1bdc3b9e3875a57	2
2021-09-17 15:51:02.752398	2021-09-17 15:51:02.752413	61	Twain - Sketches Old and New - The Story Of The Bad Little Boy	Mark Twain	.	f1cc7bec4855ec9bfbaabf10b7f0410baa71e55dd9d5b3b7d65aaae81230b4db	2
2021-09-17 15:51:02.754614	2021-09-17 15:51:02.754623	62	Twain - Sketches Old and New - The Story Of The Good Little Boy	Mark Twain	.	cb259378cb581fad9439331f7cb7ddf776a8c7d012aeb37f48ebb51146bbbee0	2
2021-09-17 15:51:02.757556	2021-09-17 15:51:02.75757	63	Twain - Sketches Old and New - The judge's “spirited woman”	Mark Twain	.	799e69a2edb1e95f73a87483665123799efabed5dadd311adb382185873b01e6	2
2021-09-17 15:51:02.760486	2021-09-17 15:51:02.760498	64	Twain - Sketches Old and New - The office bore	Mark Twain	.	53d3b2225a8f4fcdd2344c565f737230a625f140fdf8820a8d9519126abfa8ce	2
2021-09-17 15:51:02.763067	2021-09-17 15:51:02.763081	65	Wilde - The Happy Prince and Other Tales - The Nightingale and the Rose.	Oscar Wilde	.	b013c726e45b1e32ec0e81801d7cbc13a1f0869d157712da654c8201088697a1	2
2021-09-17 15:51:02.765375	2021-09-17 15:51:02.765384	66	Wilde - The Happy Prince and Other Tales - The Selfish Giant.	Oscar Wilde	.	435ae25a4443c7b24cad999ca56054f40e2721bc7b72a66716cb580ec9ca10fd	2
2021-09-17 15:51:02.767314	2021-09-17 15:51:02.767323	67	Wilde - The Happy Prince and other Tales - The Happy Prince.	Oscar Wilde	.	5c60a5c573c95a25a1f99ac5574752a5f1f3f113e2624c8cffabb76e9b001fb3	2
2021-09-17 15:51:02.76922	2021-09-17 15:51:02.769229	68	Alfred the Great	Wikipedia	.	d8a5a6c4f1066bb735d4fb0b7340f2fc4849d368ee5369cb307c863f08bc3d41	2
2021-09-17 15:51:02.771168	2021-09-17 15:51:02.771178	69	Franz Schubert	Wikipedia	.	6faf1496174294fca9610a5fe1ef43396e0300a31f5cffd0d049626f504db906	2
2021-09-17 15:51:02.773132	2021-09-17 15:51:02.77314	70	The Last Kingdom (TV series)	Wikipedia	.	7ac90eb8c136f82510b13e8273fdaea4a56d7279111f77b6d293e644ff2520ff	2
2021-09-17 15:51:02.775055	2021-09-17 15:51:02.775063	71	The Saxon Stories	Wikipedia	.	3325219a00105a346c6cd6e0d2271044195f3654c13d05dd78fb3d4eed3e9dae	2
2021-09-17 15:51:02.77744	2021-09-17 15:51:02.77745	72	Viking Age	Wikipedia	.	b655b95e88ccc27584e21004dab73d6b50b770589cd8b72ebd9a2dfe6970eedf	2
2021-09-17 15:51:02.779534	2021-09-17 15:51:02.779544	73	Critically assess the legal and practical implications of the obligations imposed by Proceeds of Crime Act 2002 for those such as solicitors, accountants or bankers in their dealings with trustees.	unknown	.	4b9099b0ee17a9f3dce077e7e4e0373d00712b1588bff0027f102979f22be669	2
2021-09-17 15:51:02.782174	2021-09-17 15:51:02.782188	74	Critically evaluate Kenichi Ohmae's statement that '...in terms of the world economy, nation states have become little more than bit actors'.	unknown	.	d751224662220049e5537a74434effcd96a5725189676e97e8ccb8ff082d1439	2
2021-09-17 15:51:02.784815	2021-09-17 15:51:02.784836	75	With the progress of globalization, does the national origin of multinational companies have any relevance? Discuss with examples referring to issues such as internal organization, corporate governance, and/or human resources.	unknown	.	aad25f9aa4e6ff1bddfb295a0ca7f96bfb1cbdcd4183c753ab404c1868e888d6	2
2021-09-17 15:51:02.787199	2021-09-17 15:51:02.787208	76	Female Genital Mutilation and the Efficacy of International Human Rights Law	unknown	.	8b8d8a82ad900fe13def84e6551d0821123e73b7d2fc2b36c354b28a76793445	2
2021-09-17 15:51:02.789164	2021-09-17 15:51:02.789173	77	In what circumstances would you expect an organisation to take a strategic approach to recruitment and selection? What policies and practices would characterize such an approach?	unknown	.	007197291823578aa7c423f22f18d016e9f6acfcaf78f3e81d84d49de640c142	2
2021-09-17 15:51:02.791147	2021-09-17 15:51:02.791156	78	Report to Chief Executive Officer	unknown	.	72eecdedde3d3ee9f981ca8275e20fe344ff47f2199f13d1f18b52e242fb0897	2
2021-09-17 15:51:02.793127	2021-09-17 15:51:02.793137	79	Without being overly presumptuous it can surely be asserted that Judaeo-Christian theology has shaped the underlying structure of the laws of Western Civilization	unknown	.	158aa378421d525b953cda871a18158adc7e23271d55d74b914088cc123d54e9	2
2021-09-17 15:51:02.795535	2021-09-17 15:51:02.795543	80	The Wolf and the Crane	Aesop	.	dc1cb020313dfdddf7cd108b2dd5387cd06aec772b9fe2261e174277d10e8763	3
2021-09-17 15:51:02.797595	2021-09-17 15:51:02.797604	81	Fairy Tales - King Grisly-Beard	The Brothers Grimm	.	4deaf0a8c44cbe8c24169516be2fda202214df6e6405069939d7ba13c41340b1	3
2021-09-17 15:51:02.7999	2021-09-17 15:51:02.79991	82	Fairy Tales - Little Red-Cap	The Brothers Grimm	.	d511ed3dcd14e120d2486fe99c0f1360bc6d59552f782676aa4b71914a6d1d36	3
2021-09-17 15:51:02.802149	2021-09-17 15:51:02.80216	83	Fairy Tales - The Blue Light	The Brothers Grimm	.	dd76bc71cf994e00320874ede97d05776e084c582aaf3493377036c9770560c8	3
2021-09-17 15:51:02.804272	2021-09-17 15:51:02.804282	84	Fairy Tales - The Robber Bridegroom	The Brothers Grimm	.	383b7afc9617dd476262b89fe4347fd5a428aedde707692b309aad3cd36d878f	3
2021-09-17 15:51:02.806349	2021-09-17 15:51:02.806358	85	Centennial Light	Wikipedia	.	600f44bcefe72418551e57be2274bb52439f122a07408f07ffaeaad803f5a6c6	3
2021-09-17 15:51:02.808339	2021-09-17 15:51:02.808348	86	Chicken hypnotism	Wikipedia	.	140ed5cf8f7e953c9c7d7bf460d0f2c4d478a5ee2c9da8521d120cf56ffa6b72	3
2021-09-17 15:51:02.810845	2021-09-17 15:51:02.810855	87	Deep-fried Mars Bar	Wikipedia	.	14bef380ec9b3c985bc6f39d88ad7737429fee672f999944ec7f30b67ff7b528	3
2021-09-17 15:51:02.812884	2021-09-17 15:51:02.812893	88	Extreme ironing	Wikipedia	.	334b5228ed07e354dbc287bded8f1a88d8403fc260e9b635e38e7e753952c022	3
2021-09-17 15:51:02.815705	2021-09-17 15:51:02.815733	89	Fatal hilarity	Wikipedia	.	07152edad11529314a3ed94e2d2994bc169d5994fa70546b0b1d6266cf9e9195	3
2021-09-17 15:51:02.818324	2021-09-17 15:51:02.818334	90	Gay Fuel	Wikipedia	.	7946595bdfcb2e78e947f30c09ad736c5c82849e07490be704c3a6cfd0a7aaaa	3
2021-09-17 15:51:02.820463	2021-09-17 15:51:02.820471	91	Hardware disease	Wikipedia	.	e4cd3d6e1b74676ae0af10eb851fe848e0c81a117f961b5d5653142644e6652f	3
2021-09-17 15:51:02.822438	2021-09-17 15:51:02.822446	92	Henry the Hexapus	Wikipedia	.	aeb179a17fdb262d70dadc83262e2477bc6ab154c40d28217c9888f12831c10a	3
2021-09-17 15:51:02.824385	2021-09-17 15:51:02.824393	93	Human mail	Wikipedia	.	b41efbff07dfa664f7cec2c15824b744b91e77a9a421068aafba46dfdc9ec878	3
2021-09-17 15:51:02.826461	2021-09-17 15:51:02.82647	94	Knork	Wikipedia	.	d20f958c5e31f112ab143bd8a81625236a19ea01a3114ba982bc9003453f0cad	3
2021-09-17 15:51:02.828576	2021-09-17 15:51:02.828586	95	Lobby Lud	Wikipedia	.	35f3a0ec61012d6ea8a1d969f6b1d18215513731859c0af1d42b5d2fdf73f87e	3
2021-09-17 15:51:02.830619	2021-09-17 15:51:02.830627	96	Male pregnancy	Wikipedia	.	03f1c6feb03951918367603a3d925dd3a5b91bab6ef23c8c3674cdf68eee28e8	3
2021-09-17 15:51:02.832551	2021-09-17 15:51:02.83256	97	Manhattanhenge	Wikipedia	.	a898ddf0b750b2df4ca5f5d9d4ed9f9a8fd3ec06818295c5f597345d80f1689c	3
2021-09-17 15:51:02.834457	2021-09-17 15:51:02.834465	98	Markovian parallax denigrate	Wikipedia	.	c9d900a4276e1c162e34fb41fa6d86aed147c21c7bba8a32992affa2f0c3c1ea	3
2021-09-17 15:51:02.836383	2021-09-17 15:51:02.836391	99	Maudie Hopkins	Wikipedia	.	0d79baadcf62040fb723fe1efcebb0e9229c2d5e64e31a460cf5efc8032ea3e4	3
2021-09-17 15:51:02.838357	2021-09-17 15:51:02.838365	100	Mike the Headless Chicken	Wikipedia	.	7e2ac276d99c3fc2203a6a921a3dc77bcddb908b118b7c076d69a17054c69751	3
2021-09-17 15:51:02.840557	2021-09-17 15:51:02.840567	101	Nils Olav	Wikipedia	.	931f02680413404b4064ee0bd44c51bc180312f0cbfafe9403443e2125913920	3
2021-09-17 15:51:02.842877	2021-09-17 15:51:02.842887	102	Obay	Wikipedia	.	686209ae79f93c5d7147202d3fc3943667a2a628cb6a0d411cbb05280d5146a7	3
2021-09-17 15:51:02.844943	2021-09-17 15:51:02.844952	103	OpenCola	Wikipedia	.	94a73312164f7058bae3b7f464ffae63ef5b863bea24d7cf3f5949fba7cc56b2	3
2021-09-17 15:51:02.847078	2021-09-17 15:51:02.847088	104	Pink Floyd pigs	Wikipedia	.	b4a88be54f9619b77052b92305913d528a086ead736a490f871a6bc4fbf263b3	3
2021-09-17 15:51:02.848995	2021-09-17 15:51:02.849003	105	Rhinogradentia	Wikipedia	.	e1b27c099946b4c5696d231d18299feb20ce2f2e3700c1ebffbee46fa8f6311f	3
2021-09-17 15:51:02.850947	2021-09-17 15:51:02.850956	106	Richard Nixon mask	Wikipedia	.	c765c666a4f85ecb81a81341ef576893838a75ed08fad6bf957cb1e9c332a6fe	3
2021-09-17 15:51:02.852911	2021-09-17 15:51:02.852929	107	Sam Kee Building	Wikipedia	.	d50e76066ba94f74b055b88759b62c642c4790ef93addeff8a0ee25568f17bcf	3
2021-09-17 15:51:02.854834	2021-09-17 15:51:02.854842	108	Taro Tsujimoto	Wikipedia	.	d8c47793243fe04115a3f6a95684d45b81d9ce1a53832f8ba5f62f98ba5be3a6	3
2021-09-17 15:51:02.856986	2021-09-17 15:51:02.856995	109	The Metric Marvels	Wikipedia	.	0272c95bcf8358d7f6d35d8aa6108d11986f87805bc4fd837a110ec954209f8a	3
2021-09-17 15:51:02.859211	2021-09-17 15:51:02.859229	110	The Super Lamb Banana	Wikipedia	.	b2a35531a61b842d55bd1a61461d7081b60ce4cb105e0f918fb9761440fbbdc8	3
2021-09-17 15:51:02.86311	2021-09-17 15:51:02.863125	111	Tomacco	Wikipedia	.	78ad4c815b44940127d75eb6bc2e572a3c758fde97164c488a6c58586d154119	3
2021-09-17 15:51:02.865779	2021-09-17 15:51:02.865802	112	Tsar Tank	Wikipedia	.	782e84e770ba6e6ab232c1a3b16f6aa7ab03fee203853c4ae04ee55db3c0fafb	3
2021-09-17 15:51:02.867972	2021-09-17 15:51:02.867981	113	Voluntary Human Extinction Movement	Wikipedia	.	6e87fd10e9ba4d7c95e670c8560a2669e872994523b70d0684042fe085f56dc7	3
2021-09-17 15:51:02.870031	2021-09-17 15:51:02.87004	114	Vomit Comet	Wikipedia	.	1ba0d6fc4f421af9b79ecfa72052f6cfe6e1b45bab310901860efd8051b03357	3
2021-09-17 15:51:02.872025	2021-09-17 15:51:02.872034	115	Whizzinator	Wikipedia	.	521aa5c5f45b0669d631a64b1b0e354fe87f81bf48e283118302f572ef4156fb	3
2021-09-17 15:51:02.873961	2021-09-17 15:51:02.87397	116	Wife carrying	Wikipedia	.	576fb6a579b90f45960bd9bef58140c0490bbaae9f0bd4a4c059541a62d3ce87	3
2021-09-17 15:51:02.87593	2021-09-17 15:51:02.875939	117	Will Rogers phenomenon	Wikipedia	.	71e4d857c060ddacee2d5e1f33faf222f0a1e627df3d7836c4b48a2eb72f858b	3
2021-09-17 15:51:02.877911	2021-09-17 15:51:02.87792	118	Zui Quan	Wikipedia	.	7a13e3f20acd475733622cc13dc53554ea53f2af497d29058ba78a28c22f9f41	3
2021-09-17 15:51:02.879755	2021-09-17 15:51:02.879764	119	Zyzyxia lundellii	Wikipedia	.	89ad7a9dd4177c10545272131d0146b3d777242d6d5fe6eb273fd10cfc220ead	3
\.


--
-- Data for Name: experiments; Type: TABLE DATA; Schema: public; Owner: game
--

COPY public.experiments (created_at, updated_at, id, collection_id) FROM stdin;
\.


--
-- Data for Name: games; Type: TABLE DATA; Schema: public; Owner: game
--

COPY public.games (created_at, updated_at, id, name) FROM stdin;
2021-09-17 15:51:02.604159	2021-09-17 15:51:02.604172	1	farm
2021-09-17 15:51:02.607131	2021-09-17 15:51:02.607151	2	food
2021-09-17 15:51:02.609519	2021-09-17 15:51:02.609531	3	library
\.


--
-- Data for Name: town_names; Type: TABLE DATA; Schema: public; Owner: game
--

COPY public.town_names (created_at, updated_at, id, name, region, document_id) FROM stdin;
2021-09-17 16:20:31.731752	2021-09-17 16:20:31.731768	1	Cala Bench	Desert	24
2021-10-18 16:25:09.00063	2021-10-18 16:25:09.00064	2	Inden Lane	Lakes	33
\.


--
-- Data for Name: towns; Type: TABLE DATA; Schema: public; Owner: game
--

COPY public.towns (created_at, updated_at, id, level, document_id, user_id) FROM stdin;
2021-09-17 16:20:31.689773	2021-09-17 16:20:31.689787	1	0	24	1
2021-09-17 16:24:07.584963	2021-09-17 16:24:07.584977	2	1	24	1
2021-09-17 16:31:48.182901	2021-09-17 16:31:48.182922	3	0	24	1
2021-09-17 16:32:12.915287	2021-09-17 16:32:12.915313	4	0	24	1
2021-09-17 16:32:37.761446	2021-09-17 16:32:37.761459	5	0	24	1
2021-10-18 16:25:08.933274	2021-10-18 16:25:08.933284	6	0	33	2
\.


--
-- Data for Name: users; Type: TABLE DATA; Schema: public; Owner: game
--

COPY public.users (created_at, updated_at, id, name, level, online) FROM stdin;
2021-09-17 16:20:31.670158	2021-09-17 16:20:31.670174	1	53e9362f819b4d28985ebd4d2628c7fa	\N	f
2021-10-18 16:25:08.925297	2021-10-18 16:25:08.925308	2	f0f3970fc71f4df88a0c08106f724046	\N	f
\.


--
-- Name: collection_availability_id_seq; Type: SEQUENCE SET; Schema: public; Owner: game
--

SELECT pg_catalog.setval('public.collection_availability_id_seq', 1, false);


--
-- Name: collections_id_seq; Type: SEQUENCE SET; Schema: public; Owner: game
--

SELECT pg_catalog.setval('public.collections_id_seq', 4, false);


--
-- Name: completion_id_seq; Type: SEQUENCE SET; Schema: public; Owner: game
--

SELECT pg_catalog.setval('public.completion_id_seq', 19, false);


--
-- Name: documents_id_seq; Type: SEQUENCE SET; Schema: public; Owner: game
--

SELECT pg_catalog.setval('public.documents_id_seq', 120, false);


--
-- Name: experiments_id_seq; Type: SEQUENCE SET; Schema: public; Owner: game
--

SELECT pg_catalog.setval('public.experiments_id_seq', 1, false);


--
-- Name: games_id_seq; Type: SEQUENCE SET; Schema: public; Owner: game
--

SELECT pg_catalog.setval('public.games_id_seq', 4, false);


--
-- Name: town_names_id_seq; Type: SEQUENCE SET; Schema: public; Owner: game
--

SELECT pg_catalog.setval('public.town_names_id_seq', 3, false);


--
-- Name: towns_id_seq; Type: SEQUENCE SET; Schema: public; Owner: game
--

SELECT pg_catalog.setval('public.towns_id_seq', 7, false);


--
-- Name: users_id_seq; Type: SEQUENCE SET; Schema: public; Owner: game
--

SELECT pg_catalog.setval('public.users_id_seq', 3, false);


--
-- Name: collection_availability collection_availability_pkey; Type: CONSTRAINT; Schema: public; Owner: game
--

ALTER TABLE ONLY public.collection_availability
    ADD CONSTRAINT collection_availability_pkey PRIMARY KEY (id);


--
-- Name: collections collections_pkey; Type: CONSTRAINT; Schema: public; Owner: game
--

ALTER TABLE ONLY public.collections
    ADD CONSTRAINT collections_pkey PRIMARY KEY (id);


--
-- Name: completion completion_pkey; Type: CONSTRAINT; Schema: public; Owner: game
--

ALTER TABLE ONLY public.completion
    ADD CONSTRAINT completion_pkey PRIMARY KEY (id);


--
-- Name: documents documents_pkey; Type: CONSTRAINT; Schema: public; Owner: game
--

ALTER TABLE ONLY public.documents
    ADD CONSTRAINT documents_pkey PRIMARY KEY (id);


--
-- Name: experiments experiments_pkey; Type: CONSTRAINT; Schema: public; Owner: game
--

ALTER TABLE ONLY public.experiments
    ADD CONSTRAINT experiments_pkey PRIMARY KEY (id);


--
-- Name: games games_pkey; Type: CONSTRAINT; Schema: public; Owner: game
--

ALTER TABLE ONLY public.games
    ADD CONSTRAINT games_pkey PRIMARY KEY (id);


--
-- Name: town_names town_names_pkey; Type: CONSTRAINT; Schema: public; Owner: game
--

ALTER TABLE ONLY public.town_names
    ADD CONSTRAINT town_names_pkey PRIMARY KEY (id);


--
-- Name: towns towns_pkey; Type: CONSTRAINT; Schema: public; Owner: game
--

ALTER TABLE ONLY public.towns
    ADD CONSTRAINT towns_pkey PRIMARY KEY (id);


--
-- Name: users users_pkey; Type: CONSTRAINT; Schema: public; Owner: game
--

ALTER TABLE ONLY public.users
    ADD CONSTRAINT users_pkey PRIMARY KEY (id);


--
-- Name: ix_documents_doc_hash; Type: INDEX; Schema: public; Owner: game
--

CREATE INDEX ix_documents_doc_hash ON public.documents USING btree (doc_hash);


--
-- Name: collection_availability collection_availability_collection_id_fkey; Type: FK CONSTRAINT; Schema: public; Owner: game
--

ALTER TABLE ONLY public.collection_availability
    ADD CONSTRAINT collection_availability_collection_id_fkey FOREIGN KEY (collection_id) REFERENCES public.collections(id);


--
-- Name: collection_availability collection_availability_game_id_fkey; Type: FK CONSTRAINT; Schema: public; Owner: game
--

ALTER TABLE ONLY public.collection_availability
    ADD CONSTRAINT collection_availability_game_id_fkey FOREIGN KEY (game_id) REFERENCES public.games(id);


--
-- Name: completion completion_game_id_fkey; Type: FK CONSTRAINT; Schema: public; Owner: game
--

ALTER TABLE ONLY public.completion
    ADD CONSTRAINT completion_game_id_fkey FOREIGN KEY (game_id) REFERENCES public.games(id);


--
-- Name: completion completion_town_id_fkey; Type: FK CONSTRAINT; Schema: public; Owner: game
--

ALTER TABLE ONLY public.completion
    ADD CONSTRAINT completion_town_id_fkey FOREIGN KEY (town_id) REFERENCES public.towns(id);


--
-- Name: documents documents_collection_id_fkey; Type: FK CONSTRAINT; Schema: public; Owner: game
--

ALTER TABLE ONLY public.documents
    ADD CONSTRAINT documents_collection_id_fkey FOREIGN KEY (collection_id) REFERENCES public.collections(id);


--
-- Name: experiments experiments_collection_id_fkey; Type: FK CONSTRAINT; Schema: public; Owner: game
--

ALTER TABLE ONLY public.experiments
    ADD CONSTRAINT experiments_collection_id_fkey FOREIGN KEY (collection_id) REFERENCES public.collections(id);


--
-- Name: town_names town_names_document_id_fkey; Type: FK CONSTRAINT; Schema: public; Owner: game
--

ALTER TABLE ONLY public.town_names
    ADD CONSTRAINT town_names_document_id_fkey FOREIGN KEY (document_id) REFERENCES public.documents(id);


--
-- Name: towns towns_document_id_fkey; Type: FK CONSTRAINT; Schema: public; Owner: game
--

ALTER TABLE ONLY public.towns
    ADD CONSTRAINT towns_document_id_fkey FOREIGN KEY (document_id) REFERENCES public.documents(id);


--
-- Name: towns towns_user_id_fkey; Type: FK CONSTRAINT; Schema: public; Owner: game
--

ALTER TABLE ONLY public.towns
    ADD CONSTRAINT towns_user_id_fkey FOREIGN KEY (user_id) REFERENCES public.users(id);


--
-- PostgreSQL database dump complete
--

